{"cameraMode":{"drawMode":0,"name":"Shaded","section":"Shading Mode"},"sceneLighting":false,"audioPlay":false,"sceneViewState":{"m_AlwaysRefresh":false,"showFog":true,"showSkybox":false,"showFlares":true,"showImageEffects":true,"showParticleSystems":true,"showVisualEffectGraphs":true,"m_FxEnabled":true},"in2DMode":false,"pivot":{"x":-0.6339169144630432,"y":0.5285148620605469,"z":21.902835845947267},"rotation":{"x":0.08679372817277909,"y":-0.04690678417682648,"z":0.0040910737589001659,"w":0.9951099753379822},"size":18.146121978759767,"orthographic":false}